;Date;Riskfree
;01/03/11;0.11
;01/04/11;0.12
;01/05/11;0.13
;01/06/11;0.13
;01/07/11;0.13
;01/10/11;0.14
;01/11/11;0.15
;01/12/11;0.15
;01/13/11;0.15
;01/14/11;0.14
;01/18/11;0.15
;01/19/11;0.16
;01/20/11;0.15
;01/21/11;0.15
;01/24/11;0.15
;01/25/11;0.15
;01/26/11;0.15
;01/27/11;0.13
;01/28/11;0.13
;01/31/11;0.15
;02/01/11;0.16
;02/02/11;0.15
;02/03/11;0.14
;02/04/11;0.13
;02/07/11;0.13
;02/08/11;0.14
;02/09/11;0.11
;02/10/11;0.08
;02/11/11;0.08
;02/14/11;0.09
;02/15/11;0.11
;02/16/11;0.10
;02/17/11;0.08
;02/18/11;0.08
;02/22/11;0.10
;02/23/11;0.12
;02/24/11;0.13
;02/25/11;0.12
;02/28/11;0.13
;03/01/11;0.07
;03/02/11;0.12
;03/03/11;0.12
;03/04/11;0.11
;03/07/11;0.10
;03/08/11;0.07
;03/09/11;0.07
;03/10/11;0.04
;03/11/11;0.04
;03/14/11;0.05
;03/15/11;0.07
;03/16/11;0.06
;03/17/11;0.06
;03/18/11;0.06
;03/21/11;0.06
;03/22/11;0.07
;03/23/11;0.06
;03/24/11;0.04
;03/25/11;0.04
;03/28/11;0.04
;03/29/11;0.06
;03/30/11;0.03
;03/31/11;0.05
;04/01/11;0.03
;04/04/11;0.02
;04/05/11;0.05
;04/06/11;0.03
;04/07/11;0.03
;04/08/11;0.02
;04/11/11;0.02
;04/12/11;0.02
;04/13/11;0.03
;04/14/11;0.04
;04/15/11;0.04
;04/18/11;0.03
;04/19/11;0.04
;04/20/11;0.04
;04/21/11;0.03
;04/25/11;0.03
;04/26/11;0.02
;04/27/11;0.03
;04/28/11;0.02
;04/29/11;0.02
;05/02/11;0.02
;05/03/11;0.02
;05/04/11;0.02
;05/05/11;0.01
;05/06/11;0.02
;05/09/11;0.01
;05/10/11;0.02
;05/11/11;0.01
;05/12/11;0.01
;05/13/11;0.01
;05/16/11;0.02
;05/17/11;0.03
;05/18/11;0.03
;05/19/11;0.02
;05/20/11;0.03
;05/23/11;0.03
;05/24/11;0.04
;05/25/11;0.04
;05/26/11;0.04
;05/27/11;0.04
;05/31/11;0.04
;06/01/11;0.04
;06/02/11;0.04
;06/03/11;0.04
;06/06/11;0.03
;06/07/11;0.01
;06/08/11;0.01
;06/09/11;0.02
;06/10/11;0.02
;06/13/11;0.02
;06/14/11;0.03
;06/15/11;0.02
;06/16/11;0.02
;06/17/11;0.02
;06/20/11;0.02
;06/21/11;0.01
;06/22/11;0.01
;06/23/11;0.01
;06/24/11;0.01
;06/27/11;0.01
;06/28/11;0.01
;06/29/11;0.01
;06/30/11;0.01
;07/01/11;0.01
;07/05/11;0.01
;07/06/11;0.01
;07/07/11;0.03
;07/08/11;0.03
;07/11/11;0.02
;07/12/11;0.01
;07/13/11;0.01
;07/14/11;0.01
;07/15/11;0.02
;07/18/11;0.01
;07/19/11;0.02
;07/20/11;0.01
;07/21/11;0.04
;07/22/11;0.05
;07/25/11;0.05
;07/26/11;0.07
;07/27/11;0.08
;07/28/11;0.10
;07/29/11;0.16
;08/01/11;0.13
;08/02/11;0.05
;08/03/11;0.01
;08/04/11;0.01
;08/05/11;0.01
;08/08/11;0.02
;08/09/11;0.02
;08/10/11;0.02
;08/11/11;0.01
;08/12/11;0.01
;08/15/11;0.00
;08/16/11;0.02
;08/17/11;0.01
;08/18/11;0.01
;08/19/11;0.00
;08/22/11;0.01
;08/23/11;0.01
;08/24/11;0.02
;08/25/11;0.01
;08/26/11;0.00
;08/29/11;0.00
;08/30/11;0.01
;08/31/11;0.01
;09/01/11;0.02
;09/02/11;0.02
;09/06/11;0.02
;09/07/11;0.00
;09/08/11;0.01
;09/09/11;0.00
;09/12/11;0.01
;09/13/11;0.00
;09/14/11;0.00
;09/15/11;0.00
;09/16/11;0.01
;09/19/11;0.00
;09/20/11;0.00
;09/21/11;0.01
;09/22/11;0.00
;09/23/11;0.00
;09/26/11;0.00
;09/27/11;0.00
;09/28/11;0.00
;09/29/11;0.00
;09/30/11;0.02
;10/03/11;0.01
;10/04/11;0.01
;10/05/11;0.00
;10/06/11;0.01
;10/07/11;0.01
;10/11/11;0.01
;10/12/11;0.01
;10/13/11;0.02
;10/14/11;0.02
;10/17/11;0.02
;10/18/11;0.02
;10/19/11;0.01
;10/20/11;0.02
;10/21/11;0.01
;10/24/11;0.01
;10/25/11;0.01
;10/26/11;0.01
;10/27/11;0.02
;10/28/11;0.02
;10/31/11;0.02
;11/01/11;0.01
;11/02/11;0.01
;11/03/11;0.01
;11/04/11;0.01
;11/07/11;0.01
;11/08/11;0.01
;11/09/11;0.01
;11/10/11;0.01
;11/14/11;0.01
;11/15/11;0.01
;11/16/11;0.01
;11/17/11;0.01
;11/18/11;0.02
;11/21/11;0.02
;11/22/11;0.02
;11/23/11;0.02
;11/25/11;0.02
;11/28/11;0.02
;11/29/11;0.02
;11/30/11;0.02
;12/01/11;0.02
;12/02/11;0.02
;12/05/11;0.01
;12/06/11;0.00
;12/07/11;0.00
;12/08/11;0.00
;12/09/11;0.00
;12/12/11;0.00
;12/13/11;0.00
;12/14/11;0.00
;12/15/11;0.00
;12/16/11;0.00
;12/19/11;0.00
;12/20/11;0.00
;12/21/11;0.00
;12/22/11;0.00
;12/23/11;0.00
;12/27/11;0.01
;12/28/11;0.00
;12/29/11;0.00
;12/30/11;0.01
;01/03/12;0.01
;01/04/12;0.01
;01/05/12;0.01
;01/06/12;0.02
;01/09/12;0.01
;01/10/12;0.01
;01/11/12;0.01
;01/12/12;0.02
;01/13/12;0.02
;01/17/12;0.02
;01/18/12;0.02
;01/19/12;0.04
;01/20/12;0.03
;01/23/12;0.03
;01/24/12;0.02
;01/25/12;0.03
;01/26/12;0.04
;01/27/12;0.05
;01/30/12;0.05
;01/31/12;0.04
;02/01/12;0.05
;02/02/12;0.07
;02/03/12;0.06
;02/06/12;0.04
;02/07/12;0.06
;02/08/12;0.06
;02/09/12;0.06
;02/10/12;0.05
;02/13/12;0.06
;02/14/12;0.09
;02/15/12;0.09
;02/16/12;0.04
;02/17/12;0.03
;02/21/12;0.03
;02/22/12;0.07
;02/23/12;0.07
;02/24/12;0.08
;02/27/12;0.08
;02/28/12;0.10
;02/29/12;0.08
;03/01/12;0.07
;03/02/12;0.06
;03/05/12;0.07
;03/06/12;0.06
;03/07/12;0.06
;03/08/12;0.07
;03/09/12;0.06
;03/12/12;0.05
;03/13/12;0.06
;03/14/12;0.08
;03/15/12;0.08
;03/16/12;0.07
;03/19/12;0.07
;03/20/12;0.08
;03/21/12;0.09
;03/22/12;0.06
;03/23/12;0.06
;03/26/12;0.06
;03/27/12;0.07
;03/28/12;0.05
;03/29/12;0.02
;03/30/12;0.05
;04/02/12;0.05
;04/03/12;0.07
;04/04/12;0.08
;04/05/12;0.07
;04/06/12;0.06
;04/09/12;0.07
;04/10/12;0.08
;04/11/12;0.08
;04/12/12;0.08
;04/13/12;0.07
;04/16/12;0.07
;04/17/12;0.07
;04/18/12;0.05
;04/19/12;0.04
;04/20/12;0.04
;04/23/12;0.04
;04/24/12;0.07
;04/25/12;0.08
;04/26/12;0.09
;04/27/12;0.07
;04/30/12;0.07
;05/01/12;0.07
;05/02/12;0.06
;05/03/12;0.05
;05/04/12;0.05
;05/07/12;0.06
;05/08/12;0.08
;05/09/12;0.07
;05/10/12;0.08
;05/11/12;0.07
;05/14/12;0.07
;05/15/12;0.08
;05/16/12;0.08
;05/17/12;0.08
;05/18/12;0.06
;05/21/12;0.06
;05/22/12;0.07
;05/23/12;0.07
;05/24/12;0.08
;05/25/12;0.07
;05/29/12;0.06
;05/30/12;0.05
;05/31/12;0.03
;06/01/12;0.03
;06/04/12;0.04
;06/05/12;0.05
;06/06/12;0.05
;06/07/12;0.04
;06/08/12;0.04
;06/11/12;0.05
;06/12/12;0.06
;06/13/12;0.07
;06/14/12;0.08
;06/15/12;0.05
;06/18/12;0.06
;06/19/12;0.06
;06/20/12;0.06
;06/21/12;0.05
;06/22/12;0.05
;06/25/12;0.06
;06/26/12;0.07
;06/27/12;0.06
;06/28/12;0.02
;06/29/12;0.04
;07/02/12;0.06
;07/03/12;0.08
;07/05/12;0.07
;07/06/12;0.06
;07/09/12;0.06
;07/10/12;0.07
;07/11/12;0.07
;07/12/12;0.08
;07/13/12;0.08
;07/16/12;0.04
;07/17/12;0.08
;07/18/12;0.07
;07/19/12;0.06
;07/20/12;0.07
;07/23/12;0.07
;07/24/12;0.08
;07/25/12;0.08
;07/26/12;0.08
;07/27/12;0.07
;07/30/12;0.06
;07/31/12;0.07
;08/01/12;0.07
;08/02/12;0.04
;08/03/12;0.03
;08/06/12;0.05
;08/07/12;0.09
;08/08/12;0.09
;08/09/12;0.10
;08/10/12;0.10
;08/13/12;0.10
;08/14/12;0.11
;08/15/12;0.11
;08/16/12;0.10
;08/17/12;0.09
;08/20/12;0.09
;08/21/12;0.10
;08/22/12;0.10
;08/23/12;0.10
;08/24/12;0.10
;08/27/12;0.10
;08/28/12;0.12
;08/29/12;0.12
;08/30/12;0.12
;08/31/12;0.09
;09/04/12;0.10
;09/05/12;0.11
;09/06/12;0.10
;09/07/12;0.09
;09/10/12;0.09
;09/11/12;0.09
;09/12/12;0.09
;09/13/12;0.10
;09/14/12;0.08
;09/17/12;0.06
;09/18/12;0.08
;09/19/12;0.08
;09/20/12;0.06
;09/21/12;0.05
;09/24/12;0.03
;09/25/12;0.06
;09/26/12;0.05
;09/27/12;0.05
;09/28/12;0.06
;10/01/12;0.05
;10/02/12;0.09
;10/03/12;0.09
;10/04/12;0.10
;10/05/12;0.10
;10/09/12;0.11
;10/10/12;0.12
;10/11/12;0.12
;10/12/12;0.12
;10/15/12;0.10
;10/16/12;0.13
;10/17/12;0.13
;10/18/12;0.12
;10/19/12;0.11
;10/22/12;0.10
;10/23/12;0.11
;10/24/12;0.13
;10/25/12;0.13
;10/26/12;0.12
;10/29/12;0.13
;10/31/12;0.09
;11/01/12;0.06
;11/02/12;0.08
;11/05/12;0.09
;11/06/12;0.12
;11/07/12;0.12
;11/08/12;0.13
;11/09/12;0.13
;11/13/12;0.12
;11/14/12;0.15
;11/15/12;0.13
;11/16/12;0.07
;11/19/12;0.06
;11/20/12;0.15
;11/21/12;0.17
;11/23/12;0.16
;11/26/12;0.14
;11/27/12;0.17
;11/28/12;0.17
;11/29/12;0.16
;11/30/12;0.11
;12/03/12;0.13
;12/04/12;0.07
;12/05/12;0.07
;12/06/12;0.07
;12/07/12;0.06
;12/10/12;0.05
;12/11/12;0.04
;12/12/12;0.04
;12/13/12;0.02
;12/14/12;0.01
;12/17/12;0.01
;12/18/12;0.04
;12/19/12;0.03
;12/20/12;0.02
;12/21/12;0.02
;12/24/12;0.03
;12/26/12;0.05
;12/27/12;0.01
;12/28/12;0.00
;12/31/12;0.02
;01/02/13;0.07
;01/03/13;0.06
;01/04/13;0.06
;01/07/13;0.05
;01/08/13;0.06
;01/09/13;0.04
;01/10/13;0.05
;01/11/13;0.04
;01/14/13;0.05
;01/15/13;0.09
;01/16/13;0.07
;01/17/13;0.05
;01/18/13;0.04
;01/22/13;0.04
;01/23/13;0.06
;01/24/13;0.06
;01/25/13;0.06
;01/28/13;0.03
;01/29/13;0.03
;01/30/13;0.04
;01/31/13;0.04
;02/01/13;0.02
;02/04/13;0.03
;02/05/13;0.06
;02/06/13;0.06
;02/07/13;0.03
;02/08/13;0.03
;02/11/13;0.05
;02/12/13;0.08
;02/13/13;0.09
;02/14/13;0.10
;02/15/13;0.09
;02/19/13;0.09
;02/20/13;0.12
;02/21/13;0.12
;02/22/13;0.11
;02/25/13;0.09
;02/26/13;0.11
;02/27/13;0.11
;02/28/13;0.07
;03/01/13;0.07
;03/04/13;0.07
;03/05/13;0.09
;03/06/13;0.09
;03/07/13;0.10
;03/08/13;0.09
;03/11/13;0.09
;03/12/13;0.10
;03/13/13;0.09
;03/14/13;0.08
;03/15/13;0.07
;03/18/13;0.07
;03/19/13;0.08
;03/20/13;0.08
;03/21/13;0.08
;03/22/13;0.07
;03/25/13;0.06
;03/26/13;0.08
;03/27/13;0.06
;03/28/13;0.04
;04/01/13;0.06
;04/02/13;0.06
;04/03/13;0.06
;04/04/13;0.07
;04/05/13;0.05
;04/08/13;0.05
;04/09/13;0.06
;04/10/13;0.07
;04/11/13;0.06
;04/12/13;0.05
;04/15/13;0.04
;04/16/13;0.06
;04/17/13;0.05
;04/18/13;0.03
;04/19/13;0.04
;04/22/13;0.04
;04/23/13;0.04
;04/24/13;0.05
;04/25/13;0.04
;04/26/13;0.04
;04/29/13;0.03
;04/30/13;0.03
;05/01/13;0.03
;05/02/13;0.02
;05/03/13;0.02
;05/06/13;0.01
;05/07/13;0.01
;05/08/13;0.01
;05/09/13;0.02
;05/10/13;0.02
;05/13/13;0.02
;05/14/13;0.01
;05/15/13;0.01
;05/16/13;0.00
;05/17/13;0.01
;05/20/13;0.01
;05/21/13;0.04
;05/22/13;0.04
;05/23/13;0.03
;05/24/13;0.03
;05/28/13;0.02
;05/29/13;0.04
;05/30/13;0.02
;05/31/13;0.03
;06/03/13;0.03
;06/04/13;0.05
;06/05/13;0.04
;06/06/13;0.04
;06/07/13;0.04
;06/10/13;0.04
;06/11/13;0.05
;06/12/13;0.04
;06/13/13;0.04
;06/14/13;0.04
;06/17/13;0.05
;06/18/13;0.04
;06/19/13;0.04
;06/20/13;0.03
;06/21/13;0.02
;06/24/13;0.01
;06/25/13;0.03
;06/26/13;0.02
;06/27/13;0.02
;06/28/13;0.02
;07/01/13;0.01
;07/02/13;0.02
;07/03/13;0.03
;07/05/13;0.03
;07/08/13;0.02
;07/09/13;0.04
;07/10/13;0.03
;07/11/13;0.02
;07/12/13;0.02
;07/15/13;0.02
;07/16/13;0.02
;07/17/13;0.02
;07/18/13;0.01
;07/19/13;0.01
;07/22/13;0.01
;07/23/13;0.02
;07/24/13;0.02
;07/25/13;0.02
;07/26/13;0.02
;07/29/13;0.01
;07/30/13;0.03
;07/31/13;0.03
;08/01/13;0.02
;08/02/13;0.02
;08/05/13;0.03
;08/06/13;0.05
;08/07/13;0.05
;08/08/13;0.05
;08/09/13;0.05
;08/12/13;0.05
;08/13/13;0.06
;08/14/13;0.06
;08/15/13;0.05
;08/16/13;0.05
;08/19/13;0.03
;08/20/13;0.03
;08/21/13;0.02
;08/22/13;0.01
;08/23/13;0.02
;08/26/13;0.03
;08/27/13;0.04
;08/28/13;0.04
;08/29/13;0.03
;08/30/13;0.02
;09/03/13;0.03
;09/04/13;0.02
;09/05/13;0.03
;09/06/13;0.02
;09/09/13;0.02
;09/10/13;0.01
;09/11/13;0.01
;09/12/13;0.01
;09/13/13;0.01
;09/16/13;0.01
;09/17/13;0.01
;09/18/13;0.01
;09/19/13;0.00
;09/20/13;0.01
;09/23/13;0.01
;09/24/13;0.02
;09/25/13;0.02
;09/26/13;0.04
;09/27/13;0.03
;09/30/13;0.03
;10/01/13;0.10
;10/02/13;0.08
;10/03/13;0.12
;10/04/13;0.11
;10/07/13;0.13
;10/08/13;0.27
;10/09/13;0.26
;10/10/13;0.25
;10/11/13;0.25
;10/15/13;0.32
;10/16/13;0.14
;10/17/13;0.01
;10/18/13;0.01
;10/21/13;0.02
;10/22/13;0.04
;10/23/13;0.02
;10/24/13;0.02
;10/25/13;0.02
;10/28/13;0.02
;10/29/13;0.06
;10/30/13;0.05
;10/31/13;0.03
;11/01/13;0.03
;11/04/13;0.02
;11/05/13;0.06
;11/06/13;0.05
;11/07/13;0.04
;11/08/13;0.04
;11/12/13;0.05
;11/13/13;0.06
;11/14/13;0.06
;11/15/13;0.06
;11/18/13;0.05
;11/19/13;0.05
;11/20/13;0.06
;11/21/13;0.02
;11/22/13;0.02
;11/25/13;0.04
;11/26/13;0.07
;11/27/13;0.06
;11/29/13;0.05
;12/02/13;0.02
;12/03/13;0.04
;12/04/13;0.04
;12/05/13;0.02
;12/06/13;0.03
;12/09/13;0.04
;12/10/13;0.03
;12/11/13;0.02
;12/12/13;0.01
;12/13/13;0.02
;12/16/13;0.02
;12/17/13;0.02
;12/18/13;0.01
;12/19/13;0.01
;12/20/13;0.02
;12/23/13;0.01
;12/24/13;0.01
;12/26/13;0.00
;12/27/13;0.01
;12/30/13;0.01
;12/31/13;0.01
;01/02/14;0.01
;01/03/14;0.02
;01/06/14;0.01
;01/07/14;0.01
;01/08/14;0.00
;01/09/14;0.01
;01/10/14;0.01
;01/13/14;0.00
;01/14/14;0.00
;01/15/14;0.01
;01/16/14;0.01
;01/17/14;0.01
;01/21/14;0.01
;01/22/14;0.00
;01/23/14;0.01
;01/24/14;0.04
;01/27/14;0.04
;01/28/14;0.05
;01/29/14;0.04
;01/30/14;0.04
;01/31/14;0.03
;02/03/14;0.04
;02/04/14;0.12
;02/05/14;0.13
;02/06/14;0.07
;02/07/14;0.10
;02/10/14;0.07
;02/11/14;0.05
;02/12/14;0.01
;02/13/14;0.01
;02/14/14;0.01
;02/18/14;0.02
;02/19/14;0.04
;02/20/14;0.02
;02/21/14;0.02
;02/24/14;0.02
;02/25/14;0.04
;02/26/14;0.04
;02/27/14;0.04
;02/28/14;0.04
;03/03/14;0.04
;03/04/14;0.06
;03/05/14;0.06
;03/06/14;0.06
;03/07/14;0.06
;03/10/14;0.05
;03/11/14;0.06
;03/12/14;0.05
;03/13/14;0.06
;03/14/14;0.05
;03/17/14;0.05
;03/18/14;0.07
;03/19/14;0.07
;03/20/14;0.06
;03/21/14;0.05
;03/24/14;0.05
;03/25/14;0.05
;03/26/14;0.05
;03/27/14;0.02
;03/28/14;0.03
;03/31/14;0.03
;04/01/14;0.02
;04/02/14;0.02
;04/03/14;0.03
;04/04/14;0.03
;04/07/14;0.03
;04/08/14;0.04
;04/09/14;0.03
;04/10/14;0.03
;04/11/14;0.04
;04/14/14;0.03
;04/15/14;0.03
;04/16/14;0.03
;04/17/14;0.02
;04/21/14;0.02
;04/22/14;0.02
;04/23/14;0.02
;04/24/14;0.00
;04/25/14;0.01
;04/28/14;0.00
;04/29/14;0.02
;04/30/14;0.02
;05/01/14;0.02
;05/02/14;0.01
;05/05/14;0.01
;05/06/14;0.03
;05/07/14;0.03
;05/08/14;0.02
;05/09/14;0.02
;05/12/14;0.02
;05/13/14;0.03
;05/14/14;0.02
;05/15/14;0.01
;05/16/14;0.01
;05/19/14;0.01
;05/20/14;0.04
;05/21/14;0.04
;05/22/14;0.03
;05/23/14;0.04
;05/27/14;0.03
;05/28/14;0.04
;05/29/14;0.05
;05/30/14;0.05
;06/02/14;0.04
;06/03/14;0.04
;06/04/14;0.04
;06/05/14;0.03
;06/06/14;0.02
;06/09/14;0.03
;06/10/14;0.04
;06/11/14;0.03
;06/12/14;0.02
;06/13/14;0.02
;06/16/14;0.03
;06/17/14;0.03
;06/18/14;0.03
;06/19/14;0.01
;06/20/14;0.01
;06/23/14;0.02
;06/24/14;0.01
;06/25/14;0.01
;06/26/14;0.01
;06/27/14;0.02
;06/30/14;0.02
;07/01/14;0.03
;07/02/14;0.02
;07/03/14;0.01
;07/07/14;0.02
;07/08/14;0.02
;07/09/14;0.03
;07/10/14;0.02
;07/11/14;0.02
;07/14/14;0.02
;07/15/14;0.02
;07/16/14;0.02
;07/17/14;0.02
;07/18/14;0.03
;07/21/14;0.02
;07/22/14;0.03
;07/23/14;0.03
;07/24/14;0.04
;07/25/14;0.03
;07/28/14;0.03
;07/29/14;0.03
;07/30/14;0.03
;07/31/14;0.01
;08/01/14;0.01
;08/04/14;0.02
;08/05/14;0.03
;08/06/14;0.03
;08/07/14;0.03
;08/08/14;0.03
;08/11/14;0.03
;08/12/14;0.05
;08/13/14;0.04
;08/14/14;0.04
;08/15/14;0.03
;08/18/14;0.02
;08/19/14;0.04
;08/20/14;0.04
;08/21/14;0.03
;08/22/14;0.04
;08/25/14;0.02
;08/26/14;0.04
;08/27/14;0.02
;08/28/14;0.02
;08/29/14;0.02
;09/02/14;0.02
;09/03/14;0.02
;09/04/14;0.02
;09/05/14;0.02
;09/08/14;0.01
;09/09/14;0.01
;09/10/14;0.01
;09/11/14;0.01
;09/12/14;0.01
;09/15/14;0.01
;09/16/14;0.01
;09/17/14;0.01
;09/18/14;0.01
;09/19/14;0.01
;09/22/14;0.00
;09/23/14;0.01
;09/24/14;0.01
;09/25/14;0.00
;09/26/14;0.01
;09/29/14;0.01
;09/30/14;0.02
;10/01/14;0.01
;10/02/14;0.01
;10/03/14;0.01
;10/06/14;0.01
;10/07/14;0.02
;10/08/14;0.01
;10/09/14;0.02
;10/10/14;0.02
;10/14/14;0.03
;10/15/14;0.02
;10/16/14;0.04
;10/17/14;0.03
;10/20/14;0.03
;10/21/14;0.04
;10/22/14;0.04
;10/23/14;0.02
;10/24/14;0.02
;10/27/14;0.03
;10/28/14;0.02
;10/29/14;0.01
;10/30/14;0.01
;10/31/14;0.01
;11/03/14;0.03
;11/04/14;0.04
;11/05/14;0.04
;11/06/14;0.04
;11/07/14;0.04
;11/10/14;0.04
;11/12/14;0.05
;11/13/14;0.05
;11/14/14;0.04
;11/17/14;0.02
;11/18/14;0.04
;11/19/14;0.04
;11/20/14;0.04
;11/21/14;0.04
;11/24/14;0.04
;11/25/14;0.06
;11/26/14;0.06
;11/28/14;0.04
;12/01/14;0.01
;12/02/14;0.04
;12/03/14;0.03
;12/04/14;0.03
;12/05/14;0.02
;12/08/14;0.03
;12/09/14;0.05
;12/10/14;0.05
;12/11/14;0.02
;12/12/14;0.02
;12/15/14;0.02
;12/16/14;0.03
;12/17/14;0.03
;12/18/14;0.04
;12/19/14;0.01
;12/22/14;0.01
;12/23/14;0.02
;12/24/14;0.01
;12/26/14;0.01
;12/29/14;0.01
;12/30/14;0.03
;12/31/14;0.03
;01/02/15;0.02
;01/05/15;0.02
;01/06/15;0.02
;01/07/15;0.02
;01/08/15;0.01
;01/09/15;0.02
;01/12/15;0.02
;01/13/15;0.02
;01/14/15;0.02
;01/15/15;0.03
;01/16/15;0.02
;01/20/15;0.01
;01/21/15;0.01
;01/22/15;0.02
;01/23/15;0.02
;01/26/15;0.02
;01/27/15;0.02
;01/28/15;0.02
;01/29/15;0.01
;01/30/15;0.01
;02/02/15;0.01
;02/03/15;0.02
;02/04/15;0.01
;02/05/15;0.02
;02/06/15;0.01
;02/09/15;0.02
;02/10/15;0.02
;02/11/15;0.02
;02/12/15;0.02
;02/13/15;0.02
;02/17/15;0.02
;02/18/15;0.02
;02/19/15;0.02
;02/20/15;0.02
;02/23/15;0.01
;02/24/15;0.02
;02/25/15;0.02
;02/26/15;0.02
;02/27/15;0.02
;03/02/15;0.02
;03/03/15;0.01
;03/04/15;0.01
;03/05/15;0.02
;03/06/15;0.02
;03/09/15;0.01
;03/10/15;0.03
;03/11/15;0.03
;03/12/15;0.03
;03/13/15;0.03
;03/16/15;0.02
;03/17/15;0.05
;03/18/15;0.02
;03/19/15;0.02
;03/20/15;0.00
;03/23/15;0.02
;03/24/15;0.03
;03/25/15;0.02
;03/26/15;0.02
;03/27/15;0.02
;03/30/15;0.02
;03/31/15;0.05
;04/01/15;0.02
;04/02/15;0.02
;04/03/15;0.04
;04/06/15;0.02
;04/07/15;0.02
;04/08/15;0.02
;04/09/15;0.02
;04/10/15;0.01
;04/13/15;0.02
;04/14/15;0.02
;04/15/15;0.02
;04/16/15;0.03
;04/17/15;0.03
;04/20/15;0.03
;04/21/15;0.02
;04/22/15;0.01
;04/23/15;0.01
;04/24/15;0.03
;04/27/15;0.01
;04/28/15;0.00
;04/29/15;0.00
;04/30/15;0.00
;05/01/15;0.00
;05/04/15;0.01
;05/05/15;0.01
;05/06/15;0.02
;05/07/15;0.01
;05/08/15;0.01
;05/11/15;0.02
;05/12/15;0.01
;05/13/15;0.02
;05/14/15;0.00
;05/15/15;0.02
;05/18/15;0.01
;05/19/15;0.02
;05/20/15;0.02
;05/21/15;0.02
;05/22/15;0.01
;05/26/15;0.01
;05/27/15;0.02
;05/28/15;0.01
;05/29/15;0.01
;06/01/15;0.02
;06/02/15;0.02
;06/03/15;0.02
;06/04/15;0.02
;06/05/15;0.02
;06/08/15;0.01
;06/09/15;0.01
;06/10/15;0.01
;06/11/15;0.01
;06/12/15;0.01
;06/15/15;0.00
;06/16/15;0.00
;06/17/15;0.00
;06/18/15;0.00
;06/19/15;0.00
;06/22/15;0.00
;06/23/15;0.00
;06/24/15;0.00
;06/25/15;0.00
;06/26/15;0.00
;06/29/15;0.00
;06/30/15;0.02
;07/01/15;0.01
;07/02/15;0.01
;07/06/15;0.01
;07/07/15;0.02
;07/08/15;0.02
;07/09/15;0.02
;07/10/15;0.01
;07/13/15;0.02
;07/14/15;0.03
;07/15/15;0.03
;07/16/15;0.03
;07/17/15;0.03
;07/20/15;0.03
;07/21/15;0.04
;07/22/15;0.04
;07/23/15;0.04
;07/24/15;0.04
;07/27/15;0.04
;07/28/15;0.05
;07/29/15;0.05
;07/30/15;0.05
;07/31/15;0.04
;08/03/15;0.03
;08/04/15;0.05
;08/05/15;0.05
;08/06/15;0.04
;08/07/15;0.03
;08/10/15;0.03
;08/11/15;0.06
;08/12/15;0.06
;08/13/15;0.06
;08/14/15;0.04
;08/17/15;0.03
;08/18/15;0.05
;08/19/15;0.05
;08/20/15;0.01
;08/21/15;0.02
;08/24/15;0.02
;08/25/15;0.04
;08/26/15;0.03
;08/27/15;0.02
;08/28/15;0.02
;08/31/15;0.00
;09/01/15;0.01
;09/02/15;0.01
;09/03/15;0.02
;09/04/15;0.02
;09/08/15;0.02
;09/09/15;0.02
;09/10/15;0.02
;09/11/15;0.04
;09/14/15;0.02
;09/15/15;0.00
;09/16/15;0.00
;09/17/15;0.00
;09/18/15;0.00
;09/21/15;0.00
;09/22/15;0.00
;09/23/15;0.00
;09/24/15;0.00
;09/25/15;0.00
;09/28/15;0.00
;09/29/15;0.00
;09/30/15;0.00
;10/01/15;0.00
;10/02/15;0.00
;10/05/15;0.00
;10/06/15;0.00
;10/07/15;0.00
;10/08/15;0.00
;10/09/15;0.01
;10/13/15;0.00
;10/14/15;0.00
;10/15/15;0.00
;10/16/15;0.03
;10/19/15;0.06
;10/20/15;0.08
;10/21/15;0.01
;10/22/15;0.02
;10/23/15;0.01
;10/26/15;0.01
;10/27/15;0.01
;10/28/15;0.03
;10/29/15;0.02
;10/30/15;0.01
;11/02/15;0.01
;11/03/15;0.07
;11/04/15;0.07
;11/05/15;0.04
;11/06/15;0.04
;11/09/15;0.06
;11/10/15;0.08
;11/12/15;0.08
;11/13/15;0.03
;11/16/15;0.05
;11/17/15;0.07
;11/18/15;0.07
;11/19/15;0.06
;11/20/15;0.05
;11/23/15;0.06
;11/24/15;0.13
;11/25/15;0.14
;11/27/15;0.13
;11/30/15;0.11
;12/01/15;0.19
;12/02/15;0.19
;12/03/15;0.18
;12/04/15;0.17
;12/07/15;0.21
;12/08/15;0.23
;12/09/15;0.19
;12/10/15;0.19
;12/11/15;0.15
;12/14/15;0.13
;12/15/15;0.21
;12/16/15;0.20
;12/17/15;0.18
;12/18/15;0.16
;12/21/15;0.14
;12/22/15;0.19
;12/23/15;0.19
;12/24/15;0.15
;12/28/15;0.13
;12/29/15;0.18
;12/30/15;0.08
;12/31/15;0.14
;01/04/16;0.17
;01/05/16;0.20
;01/06/16;0.21
;01/07/16;0.20
;01/08/16;0.20
;01/11/16;0.19
;01/12/16;0.22
;01/13/16;0.22
;01/14/16;0.22
;01/15/16;0.19
;01/19/16;0.21
;01/20/16;0.26
;01/21/16;0.27
;01/22/16;0.26
;01/25/16;0.25
;01/26/16;0.29
;01/27/16;0.28
;01/28/16;0.26
;01/29/16;0.22
;02/01/16;0.19
;02/02/16;0.26
;02/03/16;0.27
;02/04/16;0.24
;02/05/16;0.23
;02/08/16;0.21
;02/09/16;0.27
;02/10/16;0.27
;02/11/16;0.27
;02/12/16;0.26
;02/16/16;0.23
;02/17/16;0.28
;02/18/16;0.28
;02/19/16;0.26
;02/22/16;0.28
;02/23/16;0.28
;02/24/16;0.28
;02/25/16;0.27
;02/26/16;0.26
;02/29/16;0.23
;03/01/16;0.29
;03/02/16;0.28
;03/03/16;0.25
;03/04/16;0.25
;03/07/16;0.27
;03/08/16;0.27
;03/09/16;0.27
;03/10/16;0.27
;03/11/16;0.27
;03/14/16;0.28
;03/15/16;0.29
;03/16/16;0.28
;03/17/16;0.29
;03/18/16;0.27
;03/21/16;0.26
;03/22/16;0.28
;03/23/16;0.27
;03/24/16;0.24
;03/28/16;0.19
;03/29/16;0.18
;03/30/16;0.14
;03/31/16;0.18
;04/01/16;0.20
;04/04/16;0.18
;04/05/16;0.19
;04/06/16;0.19
;04/07/16;0.20
;04/08/16;0.20
;04/11/16;0.19
;04/12/16;0.21
;04/13/16;0.21
;04/14/16;0.21
;04/15/16;0.19
;04/18/16;0.16
;04/19/16;0.18
;04/20/16;0.18
;04/21/16;0.19
;04/22/16;0.19
;04/25/16;0.17
;04/26/16;0.19
;04/27/16;0.18
;04/28/16;0.17
;04/29/16;0.16
;05/02/16;0.11
;05/03/16;0.18
;05/04/16;0.18
;05/05/16;0.20
;05/06/16;0.20
;05/09/16;0.21
;05/10/16;0.25
;05/11/16;0.25
;05/12/16;0.25
;05/13/16;0.25
;05/16/16;0.21
;05/17/16;0.25
;05/18/16;0.25
;05/19/16;0.25
;05/20/16;0.26
;05/23/16;0.26
;05/24/16;0.28
;05/25/16;0.24
;05/26/16;0.17
;05/27/16;0.23
;05/31/16;0.27
;06/01/16;0.27
;06/02/16;0.19
;06/03/16;0.19
;06/06/16;0.19
;06/07/16;0.20
;06/08/16;0.20
;06/09/16;0.21
;06/10/16;0.18
;06/13/16;0.23
;06/14/16;0.24
;06/15/16;0.23
;06/16/16;0.23
;06/17/16;0.22
;06/20/16;0.23
;06/21/16;0.25
;06/22/16;0.25
;06/23/16;0.27
;06/24/16;0.24
;06/27/16;0.22
;06/28/16;0.25
;06/29/16;0.18
;06/30/16;0.20
;07/01/16;0.24
;07/05/16;0.27
;07/06/16;0.26
;07/07/16;0.27
;07/08/16;0.26
;07/11/16;0.28
;07/12/16;0.29
;07/13/16;0.29
;07/14/16;0.29
;07/15/16;0.27
;07/18/16;0.26
;07/19/16;0.29
;07/20/16;0.28
;07/21/16;0.28
;07/22/16;0.29
;07/25/16;0.28
;07/26/16;0.24
;07/27/16;0.25
;07/28/16;0.19
;07/29/16;0.19
;08/01/16;0.20
;08/02/16;0.28
;08/03/16;0.26
;08/04/16;0.24
;08/05/16;0.23
;08/08/16;0.27
;08/09/16;0.27
;08/10/16;0.27
;08/11/16;0.27
;08/12/16;0.27
;08/15/16;0.26
;08/16/16;0.27
;08/17/16;0.27
;08/18/16;0.27
;08/19/16;0.27
;08/22/16;0.24
;08/23/16;0.28
;08/24/16;0.28
;08/25/16;0.28
;08/26/16;0.28
;08/29/16;0.25
;08/30/16;0.23
;08/31/16;0.26
;09/01/16;0.27
;09/02/16;0.25
;09/06/16;0.24
;09/07/16;0.25
;09/08/16;0.26
;09/09/16;0.24
;09/12/16;0.24
;09/13/16;0.25
;09/14/16;0.24
;09/15/16;0.20
;09/16/16;0.20
;09/19/16;0.16
;09/20/16;0.17
;09/21/16;0.12
;09/22/16;0.10
;09/23/16;0.09
;09/26/16;0.12
;09/27/16;0.16
;09/28/16;0.14
;09/29/16;0.12
;09/30/16;0.20
;10/03/16;0.25
;10/04/16;0.28
;10/05/16;0.26
;10/06/16;0.26
;10/07/16;0.26
;10/11/16;0.27
;10/12/16;0.26
;10/13/16;0.26
;10/14/16;0.26
;10/17/16;0.24
;10/18/16;0.26
;10/19/16;0.25
;10/20/16;0.25
;10/21/16;0.25
;10/24/16;0.23
;10/25/16;0.22
;10/26/16;0.25
;10/27/16;0.19
;10/28/16;0.18
;10/31/16;0.20
;11/01/16;0.24
;11/02/16;0.24
;11/03/16;0.24
;11/04/16;0.25
;11/07/16;0.28
;11/08/16;0.28
;11/09/16;0.30
;11/10/16;0.30
;11/14/16;0.32
;11/15/16;0.30
;11/16/16;0.32
;11/17/16;0.30
;11/18/16;0.28
;11/21/16;0.28
;11/22/16;0.34
;11/23/16;0.35
;11/25/16;0.34
;11/28/16;0.32
;11/29/16;0.34
;11/30/16;0.38
;12/01/16;0.32
;12/02/16;0.34
;12/05/16;0.34
;12/06/16;0.35
;12/07/16;0.38
;12/08/16;0.39
;12/09/16;0.41
;12/12/16;0.42
;12/13/16;0.47
;12/14/16;0.49
;12/15/16;0.48
;12/16/16;0.46
;12/19/16;0.45
;12/20/16;0.48
;12/21/16;0.46
;12/22/16;0.42
;12/23/16;0.42
;12/27/16;0.50
;12/28/16;0.48
;12/29/16;0.39
;12/30/16;0.44
;01/03/17;0.52
;01/04/17;0.49
;01/05/17;0.51
;01/06/17;0.50
;01/09/17;0.50
;01/10/17;0.51
;01/11/17;0.51
;01/12/17;0.52
;01/13/17;0.52
;01/17/17;0.52
;01/18/17;0.48
;01/19/17;0.47
;01/20/17;0.46
;01/23/17;0.46
;01/24/17;0.50
;01/25/17;0.48
;01/26/17;0.49
;01/27/17;0.49
;01/30/17;0.49
;01/31/17;0.50
;02/01/17;0.50
;02/02/17;0.50
;02/03/17;0.49
;02/06/17;0.48
;02/07/17;0.51
;02/08/17;0.52
;02/09/17;0.51
;02/10/17;0.51
;02/13/17;0.50
;02/14/17;0.51
;02/15/17;0.53
;02/16/17;0.51
;02/17/17;0.50
;02/21/17;0.49
;02/22/17;0.47
;02/23/17;0.39
;02/24/17;0.40
;02/27/17;0.44
;02/28/17;0.40
;03/01/17;0.46
;03/02/17;0.52
;03/03/17;0.56
;03/06/17;0.56
;03/07/17;0.55
;03/08/17;0.54
;03/09/17;0.50
;03/10/17;0.60
;03/13/17;0.69
;03/14/17;0.77
;03/15/17;0.71
;03/16/17;0.68
;03/17/17;0.71
;03/20/17;0.70
;03/21/17;0.76
;03/22/17;0.74
;03/23/17;0.73
;03/24/17;0.73
;03/27/17;0.73
;03/28/17;0.75
;03/29/17;0.76
;03/30/17;0.75
;03/31/17;0.74
;04/03/17;0.73
;04/04/17;0.77
;04/05/17;0.77
;04/06/17;0.78
;04/07/17;0.77
;04/10/17;0.77
;04/11/17;0.74
;04/12/17;0.77
;04/13/17;0.76
;04/17/17;0.76
;04/18/17;0.76
;04/19/17;0.75
;04/20/17;0.73
;04/21/17;0.72
;04/24/17;0.74
;04/25/17;0.73
;04/26/17;0.74
;04/27/17;0.70
;04/28/17;0.68
;05/01/17;0.67
;05/02/17;0.72
;05/03/17;0.73
;05/04/17;0.71
;05/05/17;0.71
;05/08/17;0.73
;05/09/17;0.74
;05/10/17;0.71
;05/11/17;0.68
;05/12/17;0.69
;05/15/17;0.73
;05/16/17;0.72
;05/17/17;0.72
;05/18/17;0.73
;05/19/17;0.71
;05/22/17;0.70
;05/23/17;0.76
;05/24/17;0.76
;05/25/17;0.72
;05/26/17;0.75
;05/30/17;0.77
;05/31/17;0.86
;06/01/17;0.82
;06/02/17;0.82
;06/05/17;0.83
;06/06/17;0.83
;06/07/17;0.84
;06/08/17;0.80
;06/09/17;0.80
;06/12/17;0.82
;06/13/17;0.89
;06/14/17;0.90
;06/15/17;0.86
;06/16/17;0.85
;06/19/17;0.85
;06/20/17;0.88
;06/21/17;0.85
;06/22/17;0.80
;06/23/17;0.76
;06/26/17;0.81
;06/27/17;0.89
;06/28/17;0.89
;06/29/17;0.88
;06/30/17;0.84
;07/03/17;0.96
;07/05/17;0.97
;07/06/17;0.95
;07/07/17;0.94
;07/10/17;0.95
;07/11/17;0.97
;07/12/17;0.94
;07/13/17;0.95
;07/14/17;0.93
;07/17/17;0.95
;07/18/17;0.95
;07/19/17;0.99
;07/20/17;1.00
;07/21/17;1.00
;07/24/17;1.00
;07/25/17;0.96
;07/26/17;1.02
;07/27/17;1.01
;07/28/17;1.00
;07/31/17;1.00
;08/01/17;1.00
;08/02/17;1.02
;08/03/17;1.00
;08/04/17;1.00
;08/07/17;0.99
;08/08/17;1.00
;08/09/17;1.01
;08/10/17;1.02
;08/11/17;0.99
;08/14/17;0.95
;08/15/17;0.97
;08/16/17;0.97
;08/17/17;0.95
;08/18/17;0.97
;08/21/17;0.95
;08/22/17;0.93
;08/23/17;0.98
;08/24/17;0.98
;08/25/17;0.99
;08/28/17;0.99
;08/29/17;0.96
;08/30/17;0.96
;08/31/17;0.95
;09/01/17;0.96
;09/05/17;1.30
;09/06/17;1.04
;09/07/17;0.98
;09/08/17;0.96
;09/11/17;0.97
;09/12/17;0.99
;09/13/17;0.99
;09/14/17;0.99
;09/15/17;0.98
;09/18/17;0.96
;09/19/17;0.97
;09/20/17;0.98
;09/21/17;0.99
;09/22/17;0.97
;09/25/17;0.97
;09/26/17;0.96
;09/27/17;0.99
;09/28/17;0.97
;09/29/17;0.96
;10/02/17;0.95
;10/03/17;1.01
;10/04/17;1.00
;10/05/17;1.02
;10/06/17;1.03
;10/10/17;1.03
;10/11/17;1.04
;10/12/17;0.99
;10/13/17;0.97
;10/16/17;0.97
;10/17/17;0.99
;10/18/17;0.99
;10/19/17;0.99
;10/20/17;0.99
;10/23/17;1.00
;10/24/17;1.00
;10/25/17;1.01
;10/26/17;0.99
;10/27/17;0.98
;10/30/17;0.97
;10/31/17;0.99
;11/01/17;1.06
;11/02/17;1.02
;11/03/17;1.02
;11/06/17;1.03
;11/07/17;1.05
;11/08/17;1.05
;11/09/17;1.07
;11/10/17;1.06
;11/13/17;1.07
;11/14/17;1.06
;11/15/17;1.08
;11/16/17;1.08
;11/17/17;1.08
;11/20/17;1.09
;11/21/17;1.15
;11/22/17;1.16
;11/24/17;1.14
;11/27/17;1.15
;11/28/17;1.16
;11/29/17;1.17
;11/30/17;1.14
;12/01/17;1.14
;12/04/17;1.16
;12/05/17;1.21
;12/06/17;1.18
;12/07/17;1.16
;12/08/17;1.14
;12/11/17;1.18
;12/12/17;1.26
;12/13/17;1.22
;12/14/17;1.21
;12/15/17;1.24
;12/18/17;1.26
;12/19/17;1.25
;12/20/17;1.22
;12/21/17;1.21
;12/22/17;1.15
;12/26/17;1.24
;12/27/17;1.18
;12/28/17;1.19
;12/29/17;1.28
;01/02/18;1.29
;01/03/18;1.29
;01/04/18;1.28
;01/05/18;1.27
;01/08/18;1.30
;01/09/18;1.27
;01/10/18;1.31
;01/11/18;1.32
;01/12/18;1.31
;01/16/18;1.33
;01/17/18;1.31
;01/18/18;1.29
;01/19/18;1.28
;01/22/18;1.27
;01/23/18;1.26
;01/24/18;1.25
;01/25/18;1.23
;01/26/18;1.24
;01/29/18;1.28
;01/30/18;1.49
;01/31/18;1.43
;02/01/18;1.41
;02/02/18;1.40
;02/05/18;1.40
;02/06/18;1.48
;02/07/18;1.36
;02/08/18;1.32
;02/09/18;1.31
;02/12/18;1.35
;02/13/18;1.34
;02/14/18;1.32
;02/15/18;1.30
;02/16/18;1.35
;02/20/18;1.39
;02/21/18;1.40
;02/22/18;1.34
;02/23/18;1.38
;02/26/18;1.39
;02/27/18;1.49
;02/28/18;1.50
;03/01/18;1.50
;03/02/18;1.50
;03/05/18;1.53
;03/06/18;1.56
;03/07/18;1.57
;03/08/18;1.57
;03/09/18;1.57
;03/12/18;1.60
;03/13/18;1.64
;03/14/18;1.71
;03/15/18;1.70
;03/16/18;1.71
;03/19/18;1.70
;03/20/18;1.76
;03/21/18;1.71
;03/22/18;1.67
;03/23/18;1.69
;03/26/18;1.71
;03/27/18;1.69
;03/28/18;1.65
;03/29/18;1.63
;04/02/18;1.68
;04/03/18;1.70
;04/04/18;1.67
;04/05/18;1.67
;04/06/18;1.68
;04/09/18;1.67
;04/10/18;1.63
;04/11/18;1.64
;04/12/18;1.65
;04/13/18;1.64
;04/16/18;1.64
;04/17/18;1.68
;04/18/18;1.67
;04/19/18;1.67
;04/20/18;1.65
;04/23/18;1.69
;04/24/18;1.70
;04/25/18;1.65
;04/26/18;1.62
;04/27/18;1.62
;04/30/18;1.65
;05/01/18;1.68
;05/02/18;1.69
;05/03/18;1.68
;05/04/18;1.67
;05/07/18;1.69
;05/08/18;1.69
;05/09/18;1.68
;05/10/18;1.69
;05/11/18;1.68
;05/14/18;1.70
;05/15/18;1.69
;05/16/18;1.69
;05/17/18;1.70
;05/18/18;1.68
;05/21/18;1.71
;05/22/18;1.73
;05/23/18;1.76
;05/24/18;1.74
;05/25/18;1.70
;05/29/18;1.77
;05/30/18;1.77
;05/31/18;1.76
;06/01/18;1.74
;06/04/18;1.77
;06/05/18;1.82
;06/06/18;1.81
;06/07/18;1.78
;06/08/18;1.78
;06/11/18;1.82
;06/12/18;1.81
;06/13/18;1.82
;06/14/18;1.81
;06/15/18;1.82
;06/18/18;1.84
;06/19/18;1.85
;06/20/18;1.85
;06/21/18;1.85
;06/22/18;1.83
;06/25/18;1.80
;06/26/18;1.79
;06/27/18;1.79
;06/28/18;1.76
;06/29/18;1.77
;07/02/18;1.90
;07/03/18;1.91
;07/05/18;1.87
;07/06/18;1.86
;07/09/18;1.87
;07/10/18;1.88
;07/11/18;1.89
;07/12/18;1.89
;07/13/18;1.87
;07/16/18;1.90
;07/17/18;1.93
;07/18/18;1.90
;07/19/18;1.89
;07/20/18;1.86
;07/23/18;1.88
;07/24/18;1.92
;07/25/18;1.90
;07/26/18;1.89
;07/27/18;1.90
;07/30/18;1.91
;07/31/18;1.94
;08/01/18;1.93
;08/02/18;1.89
;08/03/18;1.90
;08/06/18;1.92
;08/07/18;1.96
;08/08/18;1.93
;08/09/18;1.91
;08/10/18;1.92
;08/13/18;1.93
;08/14/18;1.96
;08/15/18;1.96
;08/16/18;1.96
;08/17/18;1.95
;08/20/18;1.93
;08/21/18;1.94
;08/22/18;1.95
;08/23/18;1.94
;08/24/18;1.95
;08/27/18;1.96
;08/28/18;1.96
;08/29/18;1.97
;08/30/18;1.97
;08/31/18;1.95
;09/04/18;2.00
;09/05/18;2.00
;09/06/18;1.98
;09/07/18;1.98
;09/10/18;1.98
;09/11/18;2.02
;09/12/18;2.01
;09/13/18;2.01
;09/14/18;2.02
;09/17/18;2.02
;09/18/18;2.05
;09/19/18;2.03
;09/20/18;2.03
;09/21/18;2.05
;09/24/18;2.07
;09/25/18;2.12
;09/26/18;2.11
;09/27/18;2.10
;09/28/18;2.12
;10/01/18;2.13
;10/02/18;2.14
;10/03/18;2.15
;10/04/18;2.16
;10/05/18;2.15
;10/09/18;2.17
;10/10/18;2.18
;10/11/18;2.14
;10/12/18;2.14
;10/15/18;2.17
;10/16/18;2.19
;10/17/18;2.20
;10/18/18;2.19
;10/19/18;2.19
;10/22/18;2.18
;10/23/18;2.21
;10/24/18;2.20
;10/25/18;2.19
;10/26/18;2.16
;10/29/18;2.17
;10/30/18;2.21
;10/31/18;2.20
;11/01/18;2.21
;11/02/18;2.19
;11/05/18;2.20
;11/06/18;2.23
;11/07/18;2.23
;11/08/18;2.21
;11/09/18;2.21
;11/13/18;2.24
;11/14/18;2.24
;11/15/18;2.20
;11/16/18;2.21
;11/19/18;2.23
;11/20/18;2.23
;11/21/18;2.25
;11/23/18;2.25
;11/26/18;2.24
;11/27/18;2.31
;11/28/18;2.31
;11/29/18;2.31
;11/30/18;2.31
;12/03/18;2.30
;12/04/18;2.37
;12/06/18;2.36
;12/07/18;2.32
;12/10/18;2.32
;12/11/18;2.28
;12/12/18;2.30
;12/13/18;2.36
;12/14/18;2.36
;12/17/18;2.36
;12/18/18;2.35
;12/19/18;2.35
;12/20/18;2.42
;12/21/18;2.41
;12/24/18;2.42
;12/26/18;2.41
;12/27/18;2.43
;12/28/18;2.39
;12/31/18;2.44
;01/02/19;2.40
;01/03/19;2.42
;01/04/19;2.40
;01/07/19;2.42
;01/08/19;2.40
;01/09/19;2.40
;01/10/19;2.42
;01/11/19;2.41
;01/14/19;2.42
;01/15/19;2.41
;01/16/19;2.41
;01/17/19;2.41
;01/18/19;2.40
;01/22/19;2.38
;01/23/19;2.37
;01/24/19;2.38
;01/25/19;2.36
;01/28/19;2.39
;01/29/19;2.39
;01/30/19;2.40
;01/31/19;2.42
;02/01/19;2.41
;02/04/19;2.41
;02/05/19;2.39
;02/06/19;2.40
;02/07/19;2.43
;02/08/19;2.43
;02/11/19;2.44
;02/12/19;2.42
;02/13/19;2.42
;02/14/19;2.45
;02/15/19;2.43
;02/19/19;2.44
;02/20/19;2.41
;02/21/19;2.43
;02/22/19;2.43
;02/25/19;2.44
;02/26/19;2.43
;02/27/19;2.43
;02/28/19;2.44
;03/01/19;2.44
;03/04/19;2.45
;03/05/19;2.44
;03/06/19;2.43
;03/07/19;2.45
;03/08/19;2.45
;03/11/19;2.44
;03/12/19;2.44
;03/13/19;2.43
;03/14/19;2.48
;03/15/19;2.46
;03/18/19;2.47
;03/19/19;2.46
;03/20/19;2.45
;03/21/19;2.51
;03/22/19;2.49
;03/25/19;2.47
;03/26/19;2.46
;03/27/19;2.45
;03/28/19;2.44
;03/29/19;2.43
;04/01/19;2.42
;04/02/19;2.43
;04/03/19;2.42
;04/04/19;2.43
;04/05/19;2.42
;04/08/19;2.43
;04/09/19;2.42
;04/10/19;2.40
;04/11/19;2.42
;04/12/19;2.41
;04/15/19;2.42
;04/16/19;2.43
;04/17/19;2.43
;04/18/19;2.44
;04/22/19;2.44
;04/23/19;2.43
;04/24/19;2.42
;04/25/19;2.43
;04/26/19;2.42
;04/29/19;2.45
;04/30/19;2.43
;05/01/19;2.42
;05/02/19;2.44
;05/03/19;2.42
;05/06/19;2.43
;05/07/19;2.44
;05/08/19;2.42
;05/09/19;2.43
;05/10/19;2.42
;05/13/19;2.41
;05/14/19;2.41
;05/15/19;2.40
;05/16/19;2.40
;05/17/19;2.39
;05/20/19;2.39
;05/21/19;2.37
;05/22/19;2.36
;05/23/19;2.38
;05/24/19;2.37
;05/28/19;2.35
;05/29/19;2.35
;05/30/19;2.37
;05/31/19;2.35
;06/03/19;2.36
;06/04/19;2.34
;06/05/19;2.31
;06/06/19;2.32
;06/07/19;2.30
;06/10/19;2.30
;06/11/19;2.27
;06/12/19;2.19
;06/13/19;2.24
;06/14/19;2.23
;06/17/19;2.22
;06/18/19;2.18
;06/19/19;2.14
;06/20/19;2.17
;06/21/19;2.16
;06/24/19;2.12
;06/25/19;2.11
;06/26/19;2.11
;06/27/19;2.19
;06/28/19;2.18
;07/01/19;2.17
;07/02/19;2.21
;07/03/19;2.25
;07/05/19;2.26
;07/08/19;2.23
;07/09/19;2.22
;07/10/19;2.18
;07/11/19;2.17
;07/12/19;2.16
;07/15/19;2.17
;07/16/19;2.16
;07/17/19;2.13
;07/18/19;2.11
;07/19/19;2.11
;07/22/19;2.13
;07/23/19;2.12
;07/24/19;2.10
;07/25/19;2.16
;07/26/19;2.13
;07/29/19;2.12
;07/30/19;2.07
;07/31/19;2.01
;08/01/19;2.11
;08/02/19;2.11
;08/05/19;2.07
;08/06/19;2.05
;08/07/19;2.02
;08/08/19;2.09
;08/09/19;2.05
;08/12/19;2.09
;08/13/19;2.05
;08/14/19;1.98
;08/15/19;2.08
;08/16/19;2.05
;08/19/19;2.06
;08/20/19;2.05
;08/21/19;2.03
;08/22/19;2.10
;08/23/19;2.07
;08/26/19;2.09
;08/27/19;2.07
;08/28/19;2.07
;08/29/19;2.10
;08/30/19;2.10
;09/03/19;2.06
;09/04/19;2.05
;09/05/19;2.05
;09/06/19;2.05
;09/09/19;2.04
;09/10/19;2.04
;09/11/19;2.01
;09/12/19;1.99
;09/13/19;1.99
;09/16/19;2.08
;09/17/19;2.10
;09/18/19;1.94
;09/19/19;2.01
;09/20/19;1.95
;09/23/19;1.94
;09/24/19;1.90
;09/25/19;1.80
;09/26/19;1.91
;09/27/19;1.90
;09/30/19;1.91
;10/01/19;1.79
;10/02/19;1.75
;10/03/19;1.78
;10/04/19;1.73
;10/07/19;1.76
;10/08/19;1.69
;10/09/19;1.69
;10/10/19;1.74
;10/11/19;1.76
;10/15/19;1.74
;10/16/19;1.71
;10/17/19;1.74
;10/18/19;1.75
;10/21/19;1.76
;10/22/19;1.75
;10/23/19;1.74
;10/24/19;1.75
;10/25/19;1.73
;10/28/19;1.74
;10/29/19;1.66
;10/30/19;1.61
;10/31/19;1.59
;11/01/19;1.58
;11/04/19;1.58
;11/05/19;1.56
;11/06/19;1.55
;11/07/19;1.57
;11/08/19;1.56
;11/12/19;1.56
;11/13/19;1.56
;11/14/19;1.59
;11/15/19;1.59
;11/18/19;1.59
;11/19/19;1.58
;11/20/19;1.57
;11/21/19;1.57
;11/22/19;1.58
;11/25/19;1.60
;11/26/19;1.63
;11/27/19;1.65
;11/29/19;1.62
;12/02/19;1.60
;12/03/19;1.56
;12/04/19;1.59
;12/05/19;1.52
;12/06/19;1.52
;12/09/19;1.54
;12/10/19;1.53
;12/11/19;1.54
;12/12/19;1.57
;12/13/19;1.55
;12/16/19;1.57
;12/17/19;1.56
;12/18/19;1.56
;12/19/19;1.54
;12/20/19;1.57
;12/23/19;1.57
;12/24/19;1.55
;12/26/19;1.59
;12/27/19;1.56
;12/30/19;1.51
;12/31/19;1.48
;01/02/20;1.53
;01/03/20;1.52
;01/06/20;1.54
;01/07/20;1.52
;01/08/20;1.50
;01/09/20;1.53
;01/10/20;1.52
;01/13/20;1.54
;01/14/20;1.53
;01/15/20;1.53
;01/16/20;1.54
;01/17/20;1.54
;01/21/20;1.52
;01/22/20;1.52
;01/23/20;1.55
;01/24/20;1.54
;01/27/20;1.53
;01/28/20;1.53
;01/29/20;1.52
;01/30/20;1.59
;01/31/20;1.56
;02/03/20;1.56
;02/04/20;1.55
;02/05/20;1.55
;02/06/20;1.59
;02/07/20;1.57
;02/10/20;1.58
;02/11/20;1.57
;02/12/20;1.57
;02/13/20;1.59
;02/14/20;1.60
;02/18/20;1.61
;02/19/20;1.61
;02/20/20;1.61
;02/21/20;1.60
;02/24/20;1.60
;02/25/20;1.59
;02/26/20;1.59
;02/27/20;1.56
;02/28/20;1.45
;03/02/20;1.41
;03/03/20;1.11
;03/04/20;1.00
;03/05/20;0.92
;03/06/20;0.79
;03/09/20;0.57
;03/10/20;0.57
;03/11/20;0.42
;03/12/20;0.41
;03/13/20;0.33
;03/16/20;0.25
;03/17/20;0.12
;03/18/20;0.04
;03/19/20;0.04
;03/20/20;0.04
;03/23/20;0.01
;03/24/20;0.01
;03/25/20;0.00
;03/26/20;0.01
;03/27/20;0.01
;03/30/20;0.04
;03/31/20;0.05
;04/01/20;0.03
;04/02/20;0.09
;04/03/20;0.09
;04/06/20;0.09
;04/07/20;0.10
;04/08/20;0.14
;04/09/20;0.20
;04/13/20;0.17
;04/14/20;0.17
;04/15/20;0.14
;04/16/20;0.14
;04/17/20;0.12
;04/20/20;0.10
;04/21/20;0.08
;04/22/20;0.09
;04/23/20;0.09
;04/24/20;0.10
;04/27/20;0.09
;04/28/20;0.08
;04/29/20;0.10
;04/30/20;0.10
;05/01/20;0.10
;05/04/20;0.10
;05/05/20;0.09
;05/06/20;0.08
;05/07/20;0.10
;05/08/20;0.10
;05/11/20;0.09
;05/12/20;0.10
;05/13/20;0.10
;05/14/20;0.09
;05/15/20;0.09
;05/18/20;0.10
;05/19/20;0.09
;05/20/20;0.08
;05/21/20;0.09
;05/22/20;0.09
;05/26/20;0.10
;05/27/20;0.11
;05/28/20;0.14
;05/29/20;0.13
;06/01/20;0.12
;06/02/20;0.12
;06/03/20;0.12
;06/04/20;0.13
;06/05/20;0.13
;06/08/20;0.15
;06/09/20;0.14
;06/10/20;0.13
;06/11/20;0.14
;06/12/20;0.14
;06/15/20;0.15
;06/16/20;0.14
;06/17/20;0.13
;06/18/20;0.13
;06/19/20;0.13
;06/22/20;0.14
;06/23/20;0.12
;06/24/20;0.11
;06/25/20;0.13
;06/26/20;0.12
;06/29/20;0.11
;06/30/20;0.13
;07/01/20;0.12
;07/02/20;0.13
;07/06/20;0.12
;07/07/20;0.12
;07/08/20;0.11
;07/09/20;0.11
;07/10/20;0.10
;07/13/20;0.11
;07/14/20;0.11
;07/15/20;0.12
;07/16/20;0.12
;07/17/20;0.11
;07/20/20;0.11
;07/21/20;0.09
;07/22/20;0.09
;07/23/20;0.09
;07/24/20;0.10
;07/27/20;0.10
;07/28/20;0.09
;07/29/20;0.09
;07/30/20;0.10
;07/31/20;0.09
;08/03/20;0.09
;08/04/20;0.09
;08/05/20;0.08
;08/06/20;0.07
;08/07/20;0.08
;08/10/20;0.09
;08/11/20;0.08
;08/12/20;0.08
;08/13/20;0.08
;08/14/20;0.09
;08/17/20;0.09
;08/18/20;0.08
;08/19/20;0.07
;08/20/20;0.08
;08/21/20;0.07
;08/24/20;0.09
;08/25/20;0.08
;08/26/20;0.08
;08/27/20;0.09
;08/28/20;0.09
;08/31/20;0.08
;09/01/20;0.09
;09/02/20;0.10
;09/03/20;0.10
;09/04/20;0.09
;09/08/20;0.10
;09/09/20;0.10
;09/10/20;0.10
;09/11/20;0.10
;09/14/20;0.10
;09/15/20;0.09
;09/16/20;0.08
;09/17/20;0.09
;09/18/20;0.09
;09/21/20;0.09
;09/22/20;0.08
;09/23/20;0.08
;09/24/20;0.08
;09/25/20;0.08
;09/28/20;0.09
;09/29/20;0.07
;09/30/20;0.08
;10/01/20;0.09
;10/02/20;0.10
;10/05/20;0.09
;10/06/20;0.08
;10/07/20;0.08
;10/08/20;0.09
;10/09/20;0.10
;10/13/20;0.09
;10/14/20;0.10
;10/15/20;0.10
;10/16/20;0.09
;10/19/20;0.09
;10/20/20;0.08
;10/21/20;0.08
;10/22/20;0.09
;10/23/20;0.08
;10/26/20;0.08
;10/27/20;0.08
;10/28/20;0.07
;10/29/20;0.08
;10/30/20;0.08
;11/02/20;0.09
;11/03/20;0.09
;11/04/20;0.08
;11/05/20;0.09
;11/06/20;0.10
;11/09/20;0.10
;11/10/20;0.09
;11/12/20;0.10
;11/13/20;0.10
;11/16/20;0.09
;11/17/20;0.08
;11/18/20;0.07
;11/19/20;0.08
;11/20/20;0.09
;11/23/20;0.08
;11/24/20;0.08
;11/25/20;0.07
;11/27/20;0.09
;11/30/20;0.08
;12/01/20;0.07
;12/02/20;0.07
;12/03/20;0.08
;12/04/20;0.07
;12/07/20;0.09
;12/08/20;0.08
;12/09/20;0.07
;12/10/20;0.07
;12/11/20;0.08
;12/14/20;0.07
;12/15/20;0.07
;12/16/20;0.08
;12/17/20;0.08
;12/18/20;0.08
;12/21/20;0.08
;12/22/20;0.07
;12/23/20;0.07
;12/24/20;0.09
;12/28/20;0.09
;12/29/20;0.08
;12/30/20;0.06
;12/31/20;0.08